<?xml version="1.0" encoding="UTF-8"?>
<project-private xmlns="http://www.netbeans.org/ns/project-private/1">
    <editor-bookmarks xmlns="http://www.netbeans.org/ns/editor-bookmarks/2" lastBookmarkId="0"/>
    <open-files xmlns="http://www.netbeans.org/ns/projectui-open-files/2">
        <group>
            <file>file:/Users/achiladilshan/NetBeansProjects/restaurant%20management%20system/src/restaurant/management/system/KitchenScreen.java</file>
            <file>file:/Users/achiladilshan/NetBeansProjects/restaurant%20management%20system/src/restaurant/management/system/SplashScreen.java</file>
            <file>file:/Users/achiladilshan/NetBeansProjects/restaurant%20management%20system/src/restaurant/management/system/MainMenu.java</file>
            <file>file:/Users/achiladilshan/NetBeansProjects/restaurant%20management%20system/src/restaurant/management/system/KitchenLogin.java</file>
            <file>file:/Users/achiladilshan/NetBeansProjects/restaurant%20management%20system/src/restaurant/management/system/CashierLogin.java</file>
            <file>file:/Users/achiladilshan/NetBeansProjects/restaurant%20management%20system/src/restaurant/management/system/AdminLogin.java</file>
        </group>
    </open-files>
</project-private>
